Method,Accuracy
SAT-Solver,0.7325038880248833
KW-SQL-Rewriting,0.7325038880248833
ConQuer-SQL-Rewriting,0.7325038880248833
Regular SQL Query,0.9105806190572526
