Method,Accuracy
SAT,0.7212157809983897
KW-SQL,0.7212157809983897
ConQuer-SQL,0.7212157809983897
SQL,0.8761904761904762
