Method,Accuracy
SAT,0.7798165137614679
KW-SQL,0.7798165137614679
ConQuer-SQL,0.7798165137614679
SQL,0.8074074074074075
