Method,Accuracy
SAT,0.8157894736842105
KW-SQL,0.8157894736842105
ConQuer-SQL,0.8157894736842105
SQL,0.8201438848920863
