Method,Accuracy
SAT-Solver,0.8157894736842105
KW-SQL-Rewriting,0.8157894736842105
ConQuer-SQL-Rewriting,0.8157894736842105
Regular SQL Query,0.8201438848920863
