Method,Accuracy
SAT,0.7325038880248833
KW-SQL,0.7325038880248833
ConQuer-SQL,0.7325038880248833
SQL,0.9105806190572526
