Method,Accuracy
SAT,0.7142857142857143
KW-SQL,0.7142857142857143
ConQuer-SQL,0.7142857142857143
SQL,1.0
