Method,Accuracy
SAT-Solver,0.7212157809983897
KW-SQL-Rewriting,0.7212157809983897
ConQuer-SQL-Rewriting,0.7212157809983897
Regular SQL Query,0.8761904761904762
