Method,Accuracy
SAT-Solver,0.7798165137614679
KW-SQL-Rewriting,0.7798165137614679
ConQuer-SQL-Rewriting,0.7798165137614679
Regular SQL Query,0.8074074074074075
