Method,Accuracy
SAT-Solver,0.6760048721071864
KW-SQL-Rewriting,0.6760048721071864
ConQuer-SQL-Rewriting,0.6760048721071864
Regular SQL Query,0.9820574162679426
