Method,Accuracy
SAT,0.8067164179104478
KW-SQL,0.8067164179104478
ConQuer-SQL,0.8067164179104478
SQL,0.8266502159161012
