Method,Accuracy
SAT-Solver,0.8067164179104478
KW-SQL-Rewriting,0.8067164179104478
ConQuer-SQL-Rewriting,0.8067164179104478
Regular SQL Query,0.8266502159161012
