Method,Accuracy
SAT,0.6760048721071864
KW-SQL,0.6760048721071864
ConQuer-SQL,0.6760048721071864
SQL,0.9820574162679426
